Last.Name,First.Name,Affiliation,College,Department,UFIR.URL,doi,Publication.Date,Publication.Year,Author.Name,Article.Title,Journal.Publication,Journal.Application,Record.in.WOS,Notes,ArticleTitle,,Hybrid,PublisherInfo,Award.USD
Alto,Barry,Faculty,CALS,EntNemat,,,28-Aug-12,2012,Barry Alto,Demographic consequences of predators on prey: Trait and density mediated effects on mosquito larvae,PLoS ONE,PLoS ONE,Y,,Demographic consequences of predators on prey: Trait and density mediated effects on mosquito larvae,,N,Public Library of Science,1350
Alvarez,Sergio,Student,CALS,FRE,http://ufdc.ufl.edu/UF00103217/,,1-Dec-10,2010,Sergio Alvarez,"Valuing Ecological Restoration and Recreational Benefits in a Mountain Protected Area: The Case of Los Nevados National Park, Colombia",Journal of Sustainable Development,Journal of Sustainable Development,Y,,"Valuing Ecological Restoration and Recreational Benefits in a Mountain Protected Area: The Case of Los Nevados National Park, Colombia",,N,Canadian Center of Science and Education,200
Arnold,Jennifer,Student,CALS,SNRE,http://ufdc.ufl.edu/IR00000761/,,1-Apr-12,2012,Jennifer Arnold,Power and conflict in adaptive management: Analyzing the discourse of riparian management on public lands,Ecology and Society,Ecology and Society,Y,,Power and conflict in adaptive management: Analyzing the discourse of riparian management on public lands,,N,Resilience Alliance,1050
Barbour,Andrew,Student,CALS,SFRC,http://ufdc.ufl.edu/AA00004974/,,1-May-11,2011,Andrew Barbour,Evaluating the potential efficacy of invasive lionfish (Pterois volitans) removals,PLoS ONE,PLoS ONE,Y,,Evaluating the potential efficacy of invasive lionfish (Pterois volitans) removals,,N,Public Library of Science,1350
Behringer,Donald,Faculty,CALS,SFRC,http://ufdc.ufl.edu/IR00000559/,,20-Dec-10,2010,Donald Behringer,Review of Panulirus argus Virus 1 _ a Decade after its Discovery,Diseases of Aquatic Organisms,Diseases of Aquatic Organisms,Y,,Review of Panulirus argus Virus 1 _ a Decade after its Discovery,,Y,Inter-Research,1009.14
Bruna,Emilio,Faculty,CALS,WEC,http://ufdc.ufl.edu/IR00001329/,,1-May-12,2012,Emilio Bruna,Short-term effects of elevated precipitation and nitrogen on soil fertility and plant growth in a Neotropical savanna,Ecosphere,Ecosphere,Y,,Short-term effects of elevated precipitation and nitrogen on soil fertility and plant growth in a Neotropical savanna,,N,Ecological Society of America,1000
Bruna,Emilio,Student,CALS,WEC,,,15-Nov-12,2012,Emilio Bruna,Seedling Co-tolerance of Multiple Stressors in a Disturbed Tropical Floodplain Forest,Ecosphere,Ecosphere,Y,,Seedling Co-tolerance of Multiple Stressors in a Disturbed Tropical Floodplain Forest,,N,Ecological Society of America,1250
Bruna,Emilio,Faculty,CALS,WEC,http://ufdc.ufl.edu/IR00001330/,,1-Aug-11,2011,Emilio Bruna,Asymmetric Dispersal and Colonization Success of Amazonian Plant-Ants Queens,PLoS ONE,PLoS ONE,Y,,Asymmetric Dispersal and Colonization Success of Amazonian Plant-Ants Queens,,N,Public Library of Science,540
Bruna,Emilio,Faculty,CALS,WEC,,,19-Jul-12,2012,Emilio Bruna,Resilient networks of ant-plant mutualists in Amazonian forest fragments,PLoS ONE,PLoS ONE,Y,,Resilient networks of ant-plant mutualists in Amazonian forest fragments,,N,Public Library of Science,200
Bruna,Emilio,Faculty,CALS,WEC,http://ufdc.ufl.edu/IR00001328/,,13-Jun-12,2012,Emilio Bruna,EXPERIMENTAL TEST FOR FACILITATION OF SEEDLING RECRUITMENT BY THE DOMINANT BUNCHGRASS IN A FIRE-MAINTAINED ECOSYSTEM,PLoS ONE,PLoS ONE,Y,,EXPERIMENTAL TEST FOR FACILITATION OF SEEDLING RECRUITMENT BY THE DOMINANT BUNCHGRASS IN A FIRE-MAINTAINED ECOSYSTEM,,N,Public Library of Science,900
Cuda,James,Faculty,CALS,EntNemat,,,15-Jun-13,2013,James Cuda,"Biology, host preferences, and potential distribution of Calophya terebinthifolii (Hemiptera: Calophyidae), a candidate for  biological control of  Brazilian peppertree, Schinus terebinthifolius, in Florida",Florida Entomologist,Florida Entomologist,Y,,"Biology, host preferences, and potential distribution of Calophya terebinthifolii (Hemiptera: Calophyidae), a candidate for  biological control of  Brazilian peppertree, Schinus terebinthifolius, in Florida",,,Florida Entomological Society,382
Flory,Stephen,Faculty,CALS,Agronomy,,,11-Oct-12,2012,Stephen Flory,Experimental approaches for evaluating the invasion risk of biofuel crops,Environmental Research Letters,Environmental Research Letters,Y,,Experimental approaches for evaluating the invasion risk of biofuel crops,,N,Institute of Physics,1605.8
Folta,Kevin,Faculty,CALS,HortSci,http://ufdc.ufl.edu/IR00000561/,,3-Jun-11,2011,Kevin Folta,Polyhydroxy Fullerenes: Beneficial Effects on Growth and Lifespan in Diverse Biological Models,PLoS ONE,PLoS ONE,Y,,Polyhydroxy Fullerenes: Beneficial Effects on Growth and Lifespan in Diverse Biological Models,,N,Public Library of Science,1350
Folta,Kevin,Faculty,CALS,HortSci,,,31-Aug-11,2011,Kevin Folta,"A Strawberry KNOX Gene Regulates Leaf, Flower and Meristem Architecture",PLoS ONE,PLoS ONE,Y,,"A Strawberry KNOX Gene Regulates Leaf, Flower and Meristem Architecture",,N,Public Library of Science,1350
Foster,Jamie,Faculty,CALS,MicroCellSci,http://ufdc.ufl.edu/IR00001299/,,1-May-12,2012,Jamie Foster,"Metagenomic and Metabolic Profiling of Nonlithifying and Lithifying Stromatolitic Mats of Highborne Cay, The Bahamas",PLoS ONE,PLoS ONE,Y,,"Metagenomic and Metabolic Profiling of Nonlithifying and Lithifying Stromatolitic Mats of Highborne Cay, The Bahamas",,N,Public Library of Science,1350
Frazer,Tom,Faculty,CALS,SNRE,,,12-Jul-12,2012,Tom Frazer,Coping with the Lionfish Invasion: Can Targeted Removals Yield Beneficial Effects?,Reviews in Fisheries Science,Reviews in Fisheries Science,Y,,Coping with the Lionfish Invasion: Can Targeted Removals Yield Beneficial Effects?,,Y,Taylor and Francis,1040
Gao,Mengsheng,Faculty,CALS,SWS,http://ufdc.ufl.edu/AA00012393/,,1-Aug-12,2012,Mengsheng Gao,Role of specific quorum-sensing signals in the regulation of exopolysaccharide  II production,PLoS ONE,PLoS ONE,Y,,role of specific quorum-sensing signals in the regulation of exopolysaccharide  II production,,N,Public Library of Science,1012.5
Giblin-Davis,Robin,Faculty,CALS,FLREC,http://ufdc.ufl.edu/IR00001169/,,14-Sep-12,2012,Robin Giblin-Davis,Nematode Spatial and Ecological Patterns from Tropical and Temperate Rainforests,PLoS ONE,PLoS ONE,Y,,Nematode Spatial and Ecological Patterns from Tropical and Temperate Rainforests,,N,Public Library of Science,675
Gonzalez,Claudio,Faculty,CALS,MicroCellSci,,,20-Jul-11,2011,Claudio Gonzalez,An Inserted a/_ Subdomain Shapes the Catalytic Pocket of Lactobacillus johnsonii Cinnamoyl Esterase,PLoS ONE,PLoS ONE,Y,,An Inserted a/_ Subdomain Shapes the Catalytic Pocket of Lactobacillus johnsonii Cinnamoyl Esterase,,N,Public Library of Science,600
Hansen,Peter,Faculty,CALS,AnimalSci,http://ufdc.ufl.edu/IR00001360/,,4-Oct-12,2012,Peter Hansen,Treatment with the Proteasome Inhibitor MG132 during the End of Oocyte Maturation Improves Oocyte Competence for Development after Fertilization in Cattle,PLoS ONE,PLoS ONE,Y,,Treatment with the Proteasome Inhibitor MG132 during the End of Oocyte Maturation Improves Oocyte Competence for Development after Fertilization in Cattle,,N,Public Library of Science,1350
Kima,Peter,Faculty,CALS,MicroCellSci,,,5-Oct-10,2010,Peter Kima,Identification of Leishmania proteins preferentially released in infected cells using change mediated antigen technology (CMAT).,PLoS Neglected Tropical Diseases,PLoS Neglected Tropical Diseases,Y,,Identification of Leishmania proteins preferentially released in infected cells using change mediated antigen technology (CMAT).,,N,Public Library of Science,2200
Kobziar,Leda,Faculty,CALS,SFRC,http://ufdc.ufl.edu/IR00001305/,,7-Sep-11,2011,Leda Kobziar,Modeling Relationships among 217 Fires Using Remote Sensing of Burn Severity in Southern Pine Forests,Remote Sensing,Remote Sensing,Y,,Modeling Relationships among 217 Fires Using Remote Sensing of Burn Severity in Southern Pine Forests,,N,MDPI,667.93
Leppla,Norman,Faculty,CALS,EntNemat,http://ufdc.ufl.edu/IR00000910/,,3-Nov-11,2011,Norman Leppla,Advancement of Integrated Pest Management in University Housing,Journal of Integrated Pest Management,Journal of Integrated Pest Management,Y,,Advancement of Integrated Pest Management in University Housing,,N,Entomological Society of America,500
Lorca,Graciela,Faculty,CALS,MicroCellSci,http://ufdc.ufl.edu/UF00103213/,,6-May-10,2010,Graciela Lorca,Lactobacillus johnsonii N6.2 mitigates the development of type 1 diabetes in BB-DP rats,PLoS ONE,PLoS ONE,Y,,Lactobacillus johnsonii N6.2 mitigates the development of type 1 diabetes in BB-DP rats,,N,Public Library of Science,1350
Lorca,Graciela,Faculty,CALS,MicroCellSci,,,13-Dec-12,2012,Graciela Lorca,Identification of a small molecule that modifies MglA/SspA interaction and impairs intramacrophage survival of Francisella tularensis,PLoS ONE,PLoS ONE,Y,,Identification of a small molecule that modifies MglA/SspA interaction and impairs intramacrophage survival of Francisella tularensis,,N,Public Library of Science,1350
Mou,Zhonglin,Faculty,CALS,MicroCellSci,http://ufdc.ufl.edu/UF00103215/,,17-Sep-10,2010,Zhonglin Mou,A high-throughput method for isolation of salicylic acid metabolic mutants,Plant Methods,Plant Methods,Y,,A high-throughput method for isolation of salicylic acid metabolic mutants,,N,BioMed Central,988.13
Mou,Zhonglin,Faculty,CALS,MicroCellSci,http://ufdc.ufl.edu/IR00000743/,,9-Jan-12,2012,Zhonglin Mou,Non-host Defense Response in a Novel Arabidopsis-Xanthomonas citri subsp. citri Pathosystem,PLoS ONE,PLoS ONE,Y,,Non-host Defense Response in a Novel Arabidopsis-Xanthomonas citri subsp. citri Pathosystem,,N,Public Library of Science,1350
Oli,Madan,Faculty,CALS,WEC,http://ufdc.ufl.edu/IR00001307/,,20-Mar-12,2012,Madan Oli,Stochastic Population Dynamics of a Montane Ground- Dwelling Squirrel,PLoS ONE,PLoS ONE,Y,,Stochastic Population Dynamics of a Montane Ground- Dwelling Squirrel,,N,Public Library of Science,200
Overman,Allen,Faculty,CALS,AgBioEng,,,31-Jan-11,2011,Allen Overman,Model of Yield Response of Corn to Plant Population and Absorption of Solar Energy,PLoS ONE,PLoS ONE,Y,,Model of Solar Energy Effects,,N,Public Library of Science,1350
Paul,Annalisa,Faculty,CALS,HortSci,,,1-Oct-12,2012,Annalisa Paul,14-3-3 phosphoprotein interaction networks _ does isoform diversity present functional interaction specification?,Frontiers in Plant Proteomics,Frontiers in Plant Proteomics,Y,Published in Front in Plant Science,14-3-3 phosphoprotein interaction networks _ does isoform diversity present functional interaction specification?,,N,Frontiers Media,1188.51
Paul,Annalisa,Faculty,CALS,HortSci,,,2-Nov-12,2012,Annalisa Paul,Plant growth strategies are remodeled by spaceflight,BMC Plant Biology,BMC Plant Biology,Y,,Plant growth strategies are remodeled by spaceflight,,N,BioMed Central,1632
Polston,Jane,Faculty,CALS,PlantPath,,,31-Oct-12,2012,Jane Polston,Transmitting Plant Viruses Using Whiteflies,Journal of Visualized Experiments (JoVE),Journal of Visualized Experiments (JoVE),Y,,Transmitting Plant Viruses Using Whiteflies,,Y,MyJoVE Corporation,900
Quadros,Patricia,Staff,CALS,MicroCellSci,,,9-Nov-12,2012,Patricia Quadros,The Effect of Tillage System and Crop Rotation on Soil Microbial Diversity and Composition in a Subtropical Acrisol,Diversity,Diversity,Y,,The Effect of Tillage System and Crop Rotation on Soil Microbial Diversity and Composition in a Subtropical Acrisol,,N,MDPI,888.06
Rey,Jorge,Faculty,CALS,FMEL/EntNemat,http://ufdc.ufl.edu/IR00001355/,,30-Apr-13,2013,Jorge Rey,North American Wetlands and Mosquito Control,Int. J. Environ Res. Public Health,Int. J. Environ Res. Public Health,Y,should just be FMEL,North American Wetlands and Mosquito Control,,N,MDPI,625.87
Scholtz,Richard,Faculty,CALS,AgBioEng,http://ufdc.ufl.edu/IR00001285/,,30-Nov-11,2011,Richard Scholtz,Accumulation of Biomass and Mineral Elements with Calendar Time by Corn: Application of the Expanded Growth Model,PLoS ONE,PLoS ONE,Y,,Accumulation of Biomass and Mineral Elements with Calendar Time by Corn: Application of the Expanded Growth Model,,N,Public Library of Science,1350
Singh,Gurpal,Faculty,CALS,GCREC,http://ufdc.ufl.edu/IR00001294/,,23-Feb-11,2011,Gurpal Singh,Effect of tomato packinghouse wastewater on phosphorus and cation leaching in a spodosol.,Journal of Environmental Quality,Journal of Environmental Quality,Y,,Effect of tomato packinghouse wastewater on phosphorus and cation leaching in a spodosol.,,Y,ASA-CSSA-SSSA,742.5
Singh,Gurpal,Faculty,CALS,GCREC,http://ufdc.ufl.edu/IR00001293/,,31-Mar-12,2012,Gurpal Singh,"Chemical characterization of tomato industry wastewater, Florida, United States.",Journal of Water Resource and Protection,Journal of Water Resource and Protection,Y,,"Chemical characterization of tomato industry wastewater, Florida, United States.",,N,Scientific Research,500
Tabachnick,Walter,Faculty,CALS,EntNemat,http://ufdc.ufl.edu/IR00001378/,,30-Apr-13,2013,Walter Tabachnick,"Nature, Nurture and Evolution of Intra-Species Variation in Mosquito Competence for Arboviruses",Int. J. Environ Res. Public Health,Int. J. Environ Res. Public Health,Y,,"Nature, Nurture and Evolution of Intra-Species Variation in Mosquito Competence for Arboviruses",,N,MDPI,1551
Teplitski,Maxim,Faculty,CALS,SWS,,,26-Jul-10,2010,Maxim Teplitski,Specific Responses of Salmonella enterica to Tomato Varieties and Fruit Ripeness Identified by In Vivo Expression Technology,PLoS ONE,PLoS ONE,Y,,Specific Responses of Salmonella enterica to Tomato Varieties and Fruit Ripeness Identified by In Vivo Expression Technology,,N,Public Library of Science,1350
Vermerris,Willem,Faculty,CALS,Agronomy,http://ufdc.ufl.edu/IR00001139,,24-Feb-12,2012,Willem Vermerris,Template-mediated synthesis and bio-functionalization of flexible lignin-based nanotubes and nanowires,Nanotechnology,Nanotechnology,Y,,Template-mediated synthesis and bio-functionalization of flexible lignin-based nanotubes and nanowires,,Y,Institute of Physics,1500
Wright,Anita,Faculty,CALS,FSHN,,,1-Dec-11,2011,Anita Wright,Distribution and genetic diversity of Salmonella enterica in the upper Suwannee River,International Journal of Microbiology,International Journal of Microbiology,Y,,Distribution and genetic diversity of Salmonella enterica in the upper Suwannee River,,N,Hindawi,1000
Yang,Weihua,Faculty,CALS,FSHN,http://ufdc.ufl.edu/AA00013199/,,1-Aug-11,2011,Weihua Yang,Pulsed Ultraviolet Light Reduces Immunoglobulin E Binding to Atlantic White Shrimp (Litopenaeus setiferus) Extract,International Journal of Environmental Research and Public Health,International Journal of Environmental Research and Public Health,Y,,Pulsed Ultraviolet Light Reduces Immunoglobulin E Binding to Atlantic White Shrimp (Litopenaeus setiferus) Extract,,N,MDPI,1311
Zhalnina,Kateryna,Student,CALS,MicroCellSci,http://ufdc.ufl.edu/IR00001302/,,1-Jun-12,2012,Kateryna Zhalnina,Driver of archaeal ammonia-oxidizing communities in soil,Frontiers in Microbiology,Frontiers in Microbiology,Y,,Driver of archaeal ammonia-oxidizing communities in soil,,N,Frontiers Media,1210
Aggarwal,Ashima,Student,CLAS,Linguistics,http://ufdc.ufl.edu/AA00012843/,,1-Sep-12,2012,Ashima Aggarwal,Second language Acquisition at the phonetic-phonological interface:a proposal,International Journal of Applied Linguistics and English Literature,International Journal of Applied Linguistics and English Literature,N,,Second language Acquisition at the phonetic-phonological interface:a proposal,,N,IJALEL,120
Braun,Edward,Faculty,CLAS,Biology,http://ufdc.ufl.edu/IR00000575/,,25-May-11,2011,Edward Braun,Homoplastic Microinversions and the Avian Tree of Life,BMC Evolutionary Biology,BMC Evolutionary Biology,Y,,Homoplastic Microinversions and the Avian Tree of Life,,N,BioMed Central,663.28
Braun,Edward,Faculty,CLAS,Biology,http://ufdc.ufl.edu/AA00012828/,,12-Mar-12,2012,Edward Braun,An unbiased approach to identify genes involved in development in a turtle with temperature-dependent sex determination,BMC Genomics,BMC Genomics,Y,,An unbiased approach to identify genes involved in development in a turtle with temperature-dependent sex determination,,N,BioMed Central,1707.8
Chen,Fuhua,Student,CLAS,Mathematics,,,1-Mar-11,2011,Fuhua Chen,A New Framework of Multiphase Segmentation and Its Application to Partial Volume Segmentation,Applied Computational Intelligence and Soft Computing,Applied Computational Intelligence and Soft Computing,N,,A New Framework of Multiphase Segmentation and Its Application to Partial Volume Segmentation,,N,Hindawi,300
Chester,Michael,Post-doctoral researcher,CLAS,Biology,http://ufdc.ufl.edu/IR00001290/,,1-Feb-12,2012,Michael Chester,"Extensive chromosomal variation in a recently formed natural allopolyploid species, Tragopogon miscellus (Asteraceae)",PNAS,PNAS,Y,WOS Highly Cited Paper,"Extensive chromosomal variation in a recently formed natural allopolyploid species, Tragopogon miscellus (Asteraceae)",,Y,National Academy of Sciences,304.7
Di.Russo,Natali,Student,CLAS,Chemistry,http://ufdc.ufl.edu/IR00001267/,,1-Oct-12,2012,Natali Di Russo,pH-Dependent Conformational Changes and their Effect on Experimental pKas: The Case of Nitrophorin 4,PLoS Computational Biology,PLoS Computational Biology,Y,,pH-Dependent Conformational Changes and their Effect on Experimental pKas: The Case of Nitrophorin 4,,N,Public Library of Science,1687.5
Emery,Katherine,Faculty,CLAS,FLMNH,,,8-Aug-12,2012,Katherine Emery,Earliest Mexican turkeys (Meleagris gallopavo) in the Maya region,PLoS ONE,PLoS ONE,Y,should have FLMNH as college,Earliest Mexican turkeys (Meleagris gallopavo) in the Maya region,,N,Public Library of Science,675
Faver,John,Student,CLAS,Chemistry,http://ufdc.ufl.edu/IR00000631/,,19-Sep-11,2011,John Faver,Model for the fast estimation of basis set superposition error in biomolecular systems,Journal of Chemical Physics,Journal of Chemical Physics,Y,,Model for the fast estimation of basis set superposition error in biomolecular systems,,N,American Institute of Physics,1500
Faver,John,Student,CLAS,Chemistry,http://ufdc.ufl.edu/IR00000448/,,6-Apr-11,2011,John Faver,The Energy Computation Paradox and ab initio Protein Folding,PLoS ONE,PLoS ONE,Y,,The Energy Computation Paradox and ab initio Protein Folding,,N,Public Library of Science,750
Ferguson,Jake,Student,CLAS,Biology,http://ufdc.ufl.edu/IR00001321/,,1-Jan-12,2012,Jake Ferguson, Estimating Animal Diets Using Stable Isotopes and a Comprehensive Bayesian Mixing Model,PLoS ONE,PLoS ONE,Y,,A Review of Estimating Animal Diets Using Stable Isotopes and a Comprehensive Bayesian Mixing Model,,N,Public Library of Science,675
Gil,Michael,Student,CLAS,Biology,,,1-Mar-12,2012,Michael Gil,Housekeeping mutualisms: do more symbionts facilitate host performance?,PLoS ONE,PLoS ONE,Y,,Housekeeping mutualisms: do more symbionts facilitate host performance?,,N,Public Library of Science,578.58
Gillooly,James,Faculty,CLAS,Biology,http://ufdc.ufl.edu/IR00000358/,,15-Feb-11,2011,James Gillooly,The Cost of Sex: Quantifying Energetic Investment in Gamete Production by Males and Females,PLoS ONE,PLoS ONE,Y,,The Cost of Sex: Quantifying Energetic Investment in Gamete Production by Males and Females,,N,Public Library of Science,1350
Gitzendanner,Matthew,Faculty,CLAS,Biology,http://ufdc.ufl.edu/IR00000357/,,6-Dec-10,2010,Matthew Gitzendanner,Conservation and canalization of gene expression during angiosperm diversification accompany the origin and evolution of the flower,PNAS,PNAS,Y,,Origin and Evolution of the Flower,,Y,National Academy of Science,960
Hagen,Stephen,Faculty,CLAS,Physics,http://ufdc.ufl.edu/IR00000581/,,31-Aug-11,2011,Stephen Hagen,Noise and crosstalk in two quorum-sensing inputs of Vibrio fischeri,BMC Systems Biology,BMC Systems Biology,Y,,Noise and crosstalk in two quorum-sensing inputs of Vibrio fischeri,,N,BioMed Central,1632.2
Hagen,Stephen,Faculty,CLAS,Physics,http://ufdc.ufl.edu/IR00000298/,,1-Nov-10,2010,Stephen Hagen,Heterogeneous Response to a Quorum-Sensing Signal in the Luminescence of Individual Vibrio fischeri,PLoS ONE,PLoS ONE,Y,,Heterogeneous Response to a Quorum-Sensing Signal in the Luminescence of Individual Vibrio fischeri,,N,PLoS,250
Hebard,Arthur,Faculty,CLAS,Physics,http://ufdc.ufl.edu/IR00001222,,18-Jan-12,2012,Arthur Hebard,Rectification at Graphene-Semiconductor Interfaces: Zero-Gap Semiconductor Based Diodes,Physical Review X,Physical Review X,Y,WOS Highly Cited Paper,Rectification at Graphene-Semiconductor Interfaces: Zero-Gap Semiconductor Based Diodes,,N,American Physical Society,1500
Jimenez,Elizabeth,Student,CLAS,Chemistry,,,30-Aug-12,2012,Elizabeth Jimenez,Generation of lung carcinoma DNA aptamers for cancer studies,PLoS ONE,PLoS ONE,Y,,Generation of lung carcinoma DNA aptamers for cancer studies,,N,Public Library of Science,964.3
Lee,Yoonseok,Faculty,CLAS,Physics,http://ufdc.ufl.edu/IR00000567/,,13-Oct-10,2010,Yoonseok Lee,Optical birefringence on uniaxially compressed aerogels,New Journal of Physics,New Journal of Physics,Y,,Optical birefringence on uniaxially compressed aerogels,,N,Institute of Physics,733.34
Lillywhite,Harvey,Faculty,CLAS,Biology,,,16-Nov-11,2011,Harvey Lillywhite,Abundance of Sea Kraits Correlates with Precipitation,PLoS ONE,PLoS ONE,Y,article with same title and articles in FASEB JOURNAL  Volume: 26   Published: APR 2012,Abundance of Sea Kraits Correlates with Precipitation,,N,Public Library of Science,1350
Mack,Michelle,Faculty,CLAS,Biology,,,1-Jun-12,2012,Michelle Mack,The influence of increasing deciduous dominance on stand structure and aboveground carbon pools within Alaskan boreal,Ecosphere,Ecosphere,Y,,The influence of increasing deciduous dominance on stand structure and aboveground carbon pools within Alaskan boreal,,N,Ecological Society of America,750
Maden,Malcolm,Faculty,CLAS,Biology,http://ufdc.ufl.edu/AA00014150/,,1-Jan-13,2013,Malcolm Maden,Proliferation zones in the axolotl brain and regeneration of the telencephalon,Neural Development,Neural Development,Y,,Proliferation zones in the axolotl brain and regeneration of the telencephalon,,N,BioMedCentral,1874.88
Majure,Lucas,Student,CLAS,Biology,http://ufdc.ufl.edu/IR00001297/,,12-Feb-12,2012,Lucas Majure,"Cytogeography of the Humifusa clade of Opuntia s.s. (L.) Mill. 1754 (Cactaceae, Opuntioideae, Opuntieae): correlations with pleistocene refugia and  morphological traits in a polyploid complex",Comparative Cytogenetics,Comparative Cytogenetics,Y,,"Cytogeography of the Humifusa clade of Opuntia s.s. (L.) Mill. 1754 (Cactaceae, Opuntioideae, Opuntieae): correlations with pleistocene refugia and  morphological traits in a polyploid complex",,N,Pensoft Publishers Ltd.,448.35
Mao,Liang,Faculty,CLAS,Geography,http://ufdc.ufl.edu/IR00000534/,,30-Jun-11,2011,Liang Mao,Agent-based simulation for weekend-extension strategies to mitigate influenza outbreaks,BMC Public Health,BMC Public Health,Y,,Agent-based simulation for weekend-extension strategies to mitigate influenza outbreaks,,N,BioMed Central,1694.25
Mao,Liang,Faculty,CLAS,Geography,http://ufdc.ufl.edu/IR00001230/,,30-Apr-12,2012,Liang Mao,Annual economic impacts of seasonal influenza and vaccination on US counties: spatial heterogeneity and patterns,International Journal of Health Geographics,International Journal of Health Geographics,Y,,Annual economic impacts of seasonal influenza and vaccination on US counties: spatial heterogeneity and patterns,,N,BioMed Central,1108.11
Mao,Liang,Faculty,CLAS,Geography,http://ufdc.ufl.edu/IR00000630/,,24-Aug-11,2011,Liang Mao,Evaluating the combined effectiveness of influenza control strategies and human preventive behavior,PLoS ONE,PLoS ONE,Y,,Evaluating the combined effectiveness of influenza control strategies and human preventive behavior,,N,Public Library of Science,1350
Meng,Ling,Student,CLAS,Chemistry,,,16-Nov-10,2010,Ling Meng,Silencing of PTK7 in colon cancer cells: caspase-10-dependent apoptosis via mitochondrial pathway,PLoS ONE,PLoS ONE,Y,,Silencing of PTK7 in colon cancer cells: caspase-10-dependent apoptosis via mitochondrial pathway,,N,Public Library of Science,1200
Miyamoto,Michael,Faculty,CLAS,Biology,,,31-Oct-12,2012,Michael Miyamoto,Primate DNA suggests long-term stability of an African rainforest,Ecology and Evolution,Ecology and Evolution,Y,,Primate DNA suggests long-term stability of an African rainforest,,N,Wiley Online Library,845.72
Mulligan,Connie,Faculty,CLAS,Antrho,,,1-Sep-12,2012,Connie Mulligan,Methylation changes at NR3C1 in newborns associate with maternal prenatal stress exposure and newborn birthweight,Epigenetics,Epigenetics,Y,,Methylation changes at NR3C1 in newborns associate with maternal prenatal stress exposure and newborn birthweight,,N,Landes Bioscience,500
Pajuelo,Mariela,Student,CLAS,Biology,http://ufdc.ufl.edu/IR00001331/,,19-Oct-12,2012,Mariela Pajuelo,Assignment of nesting loggerhead turtles to their foraging areas in the Northwest Atlantic using stable isotopes,Ecosphere,Ecosphere,Y,there are two records in WOS with ifferent citations,Assignment of nesting loggerhead turtles to their foraging areas in the Northwest Atlantic using stable isotopes,,N,Ecological Society of America,833.32
Resasco,Julian,Student,CLAS,Biology,,,29-Aug-12,2012,Julian Resasco,Habitat corridors alter relative trophic position of fire ants,Ecosphere,Ecosphere,Y,,Habitat corridors alter relative trophic position of fire ants,,N,Ecological Society of America,833.34
Romero,Claudia,Faculty,CLAS,Biology,http://ufdc.ufl.edu/IR00000982/,,20-Apr-12,2012,Claudia Romero,Conservation and development in latin America and Southern Africa: Setting the Stage,Ecology and Society,Ecology and Society,Y,,Conservation and development in latin America and Southern Africa: Setting the Stage,,N,Resilience Alliance,850
Sefah,Kwame,Post-doctoral researcher,CLAS,Chemistry,http://ufdc.ufl.edu/IR00000332/,,30-Nov-10,2010,Kwame Sefah,DNA aptamers as molecular probes for colorectal cancer study,PLoS ONE,PLoS ONE,Y,,DNA aptamers as molecular probes for colorectal cancer study,,N,Public Library of Science,1350
Sefah,Kwame,Staff,CLAS,Chemistry,http://ufdc.ufl.edu/IR00001301/,,25-May-12,2012,Kwame Sefah,Selection of Aptamers specific for adipose tissue,PLoS ONE,PLoS ONE,Y,,Selection of Aptamers specific for adipose tissue,,N,Public Library of Science,1157.1
Seifert,Ashley,Faculty,CLAS,Biology,http://ufdc.ufl.edu/IR00001311/,,1-Apr-12,2012,Ashley Seifert,Skin regeneration in adult axolotls: a blueprint for scar-free healing in vertebrates,PLoS ONE,PLoS ONE,Y,,Skin regeneration in adult axolotls: a blueprint for scar-free healing in vertebrates,,N,Public Library of Science,1350
Silliman,Brian,Faculty,CLAS,Biology,http://ufdc.ufl.edu/IR00001310/,,1-Oct-11,2011,Brian Silliman,Whole-community facilitation regulates biodiversity on wind-swept Patagonia shorelines,PLoS ONE,PLoS ONE,Y,,,,N,Public Library of Science,1350
Soto-Centeno,Julio,Student,CLAS,Biology,http://ufdc.ufl.edu/AA00012284/,,15-Sep-11,2011,Julio Soto-Centeno,Population Distribution Models: Species distributions are better modeled using biologically relevant partitions,BMC Ecology,BMC Ecology,Y,,Population Distribution Models: Species distributions are better modeled using biologically relevant partitions,,N,BioMed Central,1622
Southworth,Jane,Faculty,CLAS,Geography,,,22-Oct-12,2012,Jane Southworth,Simulating Forest Cover Changes of Bannerghatta National Park Based on a CA-Markov Model: A Remote Sensing Approach,Remote Sensing,Remote Sensing,Y,,Simulating Forest Cover Changes of Bannerghatta National Park Based on a CA-Markov Model: A Remote Sensing Approach,,N,MDPI,914.17
Van.Simaeys,Dimitri,Student,CLAS,Chemistry,http://ufdc.ufl.edu/UF00103218/,,1-Nov-10,2010,Dimitri Van Simaeys,Study of the Molecular Recognition of Aptamers Selected through Ovarian Cancer Cell-SELEX,PLoS ONE,PLoS ONE,Y,,,,N,Public Library of Science,1125
Wayne,Marta,Faculty,CLAS,Biology,,,27-Nov-12,2012,Marta Wayne,"Ohno's ""peril of hemizygosity"" revisited: gene loss, dosage compensation, and mutation",Genome Biology & Evolution,Genome Biology & Evolution,Y,,"Ohno's ""peril of hemizygosity"" revisited: gene loss, dosage compensation, and mutation",,N,Oxford University Press,725.8
Mirhadi.Fard,Maryam,Student,DCP,Rinker,,,1-Aug-12,2012,Maryam Mirhadi Fard,Toward Franchising Mobilization Strategy in Large-Scale Energy Efficiency Retrofit Industry,Journal of Sustainable Development,Journal of Sustainable Development,N,nothing by author in this journal,Toward Franchising Mobilization Strategy in Large-Scale Energy Efficiency Retrofit Industry,,N,Canadian Center of Science and Education,300
Terouhid,Seyyed,Student,DCP,Rinker,http://ufdc.ufl.edu/IR00001182/,,2-Jul-12,2012,Seyyed Terouhid,Towards Sustainable Facility Location _ A Literature Review,Journal of Sustainable Development,Journal of Sustainable Development,N,,Towards Sustainable Facility Location _ A Literature Review,,N,Canadian Center of Science and Education,300
Terouhid,Seyyed,Student,DCP,Rinker,http://ufdc.ufl.edu/IR00001181/,,1-Sep-12,2012,Seyyed Terouhid,Applying the Project Management Estimating Standard to Carbon Footprinting,Journal of Sustainable Development,Journal of Sustainable Development,Y,,Applying the Project Management Estimating Standard to Carbon Footprinting,,N,Canadian Center of Science and Education,300
Chan,Edward,Faculty,Dentistry,OralBio,http://ufdc.ufl.edu/AA00012629/,,31-May-12,2012,Edward Chan,A new immunoprecipitation-real time quantitative PCR assay for anti-Th/To and anti-U3RNP antibody detection in systemic sclerosis,Arthritis Research & Therapy,Arthritis Research & Therapy,Y,,A new immunoprecipitation-real time quantitative PCR assay for anti-Th/To and anti-U3RNP antibody detection in systemic sclerosis,,N,BioMed Central Limited,1428.75
Chan,Edward,Faculty,Dentistry,OralBio,http://ufdc.ufl.edu/IR00001289/,,1-Jan-12,2012,Edward Chan,Induction of Cytoplasmic Rods and Rings Structures by Inhibition of the CTP and GTP Synthetic Pathway in Mammalian Cells,PLoS ONE,PLoS ONE,Y,,Induction of Cytoplasmic Rods and Rings Structures by Inhibition of the CTP and GTP Synthetic Pathway in Mammalian Cells,,N,Public Library of Science,1104.75
Gordan,Valeria,Faculty,Dentistry,RestDentSci,,,28-Feb-13,2013,Valeria Gordan,Management of Class I and Class II Amalgam Restorations with Localized Defects:  Five-year Results.,International Journal of Dentistry,International Journal of Dentistry,Y,,Management of Class I and Class II Amalgam Restorations with Localized Defects:  Five-year Results.,,N,Hindawi,1200
Grieshaber,Nicole,Faculty,Dentistry,OralBio,,,17-Sep-12,2012,Nicole Grieshaber,Translation Inhibition of the Developmental Cycle Protein HctA by the Small RNA IhtA is Conserved Across Chlamydia.,PLoS ONE,PLoS ONE,Y,,Translation Inhibition of the Developmental Cycle Protein HctA by the Small RNA IhtA is Conserved Across Chlamydia.,,N,Public Library of Science,1350
Grieshaber,Scott,Faculty,Dentistry,OralBio,,,12-Dec-12,2012,Scott Grieshaber,Chlamydia induces anchorage independence in 3T3 cells and detrimental cytological defects in an infection model.,PLoS ONE,PLoS ONE,Y,,Chlamydia induces anchorage independence in 3T3 cells and detrimental cytological defects in an infection model.,,N,Public Library of Science,1350
Logan,Henrietta,Faculty,Dentistry,CommDentBehSci,http://ufdc.ufl.edu/AA00013223/,,19-Apr-12,2012,Henrietta Logan,Selecting a comparison group for 5-year oral and pharyngeal cancer survivors:  Two Methods,BMC Medical Research Methodology,BMC Medical Research Methodology,Y,,Selecting a comparison group for 5-year oral and pharyngeal cancer survivors:  Two Methods,,N,BioMed Central,1716.37
Nguyen,Cuong,Faculty,Dentistry,OralBio,http://ufdc.ufl.edu/IR00000299/,,31-Dec-10,2010,Cuong Nguyen,Current Concepts:  Mouse Models of Sjogren's Syndrome,Journal of Biomedicine and Biotechnology,Journal of Biomedicine and Biotechnology,Y,,Current Concepts:  Mouse Models of Sjogren's Syndrome,,N,Hindawi,1500
Progulske,Ann,Faculty,Dentistry,OralBio,,,15-Dec-12,2012,Ann Progulske,Porphyromonas gingivalis Strain Specific interactions with Human Coronary Artery Endothelial Cells: a Comparative Study,PLoS ONE,PLoS ONE,Y,,Porphyromonas gingivalis Strain Specific interactions with Human Coronary Artery Endothelial Cells: a Comparative Study,,N,Public Library of Science,540
Sibille,Kimberly,Faculty,Dentistry,CDBS,http://ufdc.ufl.edu/AA00010465/,,24-Jan-12,2012,Kimberly Sibille,"Chronic pain, perceived stress, and cellular aging: An exploratory study",Molecular Pain,Molecular Pain,Y,,"Chronic pain, perceived stress, and cellular aging: An exploratory study",,N,BioMed Central,1773.47
Thacker,Brenda,Staff,Dentistry,OpDent,,,9-Nov-10,2010,Brenda Thacker,Could Alkali Production Be Considered an Approach for Caries Control?,Caries Research,Caries Research,Y,,Could Alkali Production Be Considered an Approach for Caries Control?,,Y,Karger,3000
Wong,Fong,Faculty,Dentistry,RestDentSci,,,20-Jan-12,2012,Fong Wong,The Effect of Topical Local Anesthetics on Thermal Pain Sensitivity in Patients with Irritable Bowel Syndrome,Pain Research and Treatment,Pain Research and Treatment,Y,,The Effect of Topical Local Anesthetics on Thermal Pain Sensitivity in Patients with Irritable Bowel Syndrome,,N,Hindawi Publishing Corporation,508.04
Cavanaugh,Catherine,Faculty,Education,TeachingLearning,,,22-Jun-11,2011,Catherine Cavanaugh,Instructional multimedia: an investigation of student and instructor attitudes and student study behavior,BMC Medical Education,BMC Medical Education,Y,,Instructional multimedia: an investigation of student an d instructor attitudes and student study behavior,,N,BioMed Central,525
Agdas,Duzgun,Faculty,Engineering,CCE,,,19-Oct-12,2012,Duzgun Agdas,Wind Speed Perception and Risk,PLoS ONE,PLoS ONE,Y,,Wind Speed Perception and Risk,,N,Public Library of Science,1350
Chen,Tianyi,Student,Engineering,EES,http://ufdc.ufl.edu/IR00001306/,,8-Jun-12,2012,Tianyi Chen,Chamber Simulation of Photooxidation of Dimethyl Sulfide and Isoprene in the Presence of NOx,Atmospheric Chemistry and Physics Discussion,Atmospheric Chemistry and Physics Discussion,Y,,Chamber Simulation of Photooxidation of Dimethyl Sulfide and Isoprene in the Presence of NOx,,N,Copernicus GmbH (Copernicus Publications),810.4
Hahn,David,Faculty,Engineering,MechAero,,,19-Oct-12,2012,David Hahn,Investigation of Iron Oxide Morphology in a Cyclic Redox Water-splitting Process for Hydrogen Generation,Materials,Materials,Y,,Investigation of Iron Oxide Morphology in a Cyclic Redox Water-splitting Process for Hydrogen Generation,,N,MDPI,1124.2
Hahn,David,Faculty,Engineering,MechAero,,,18-Feb-11,2011,David Hahn,Real-time measurement of ArF excimer laser corneal tissue ablation rates using cross-correlation of laser waveforms,Optics Express,Optics Express,Y,,Real-time measurement of ArF excimer laser corneal tissue ablation rates using cross-correlation of laser waveforms,,N,Optical Society of America,871.5
Jiang,Peng,Faculty,Engineering,ChemE,http://ufdc.ufl.edu/IR00000416/,,1-May-11,2011,Peng Jiang,Bioinspired Assembly of  Inorganic Nanoplatelets for  Reinforced Polymer Nanocomposites,Advances in Biomimetics,Advances in Biomimetics,N,,Bioinspired Assembly of  Inorganic Nanoplatelets for  Reinforced Polymer Nanocomposites,,N,InTech,650
Yuksel,Seniha,Post-doctoral researcher,Engineering,MSE,,,5-Aug-12,2012,Seniha Yuksel,Validation of Registration for Renal  Dynamic Contrast Enhanced MRI Imaging,International Journal of Artificial Intelligence and Experts Systems,International Journal of Artificial Intelligence and Experts Systems,N,,Validation of Registration for Renal  Dynamic Contrast Enhanced MRI Imaging,,N,Computer Science Journals,250
Reed,David,Faculty,FLMNH,FLMNH,http://ufdc.ufl.edu/IR00000566/,,12-Jan-11,2011,David Reed,Origin of clothing lice indicates early clothing use by anatomically modern humans in Africa.,Molecular Biology and Evolution,Molecular Biology and Evolution,Y,,Origin of clothing lice indicates early clothing use by anatomically modern humans in Africa.,,Y,Oxford University Press,1500
Thomson,Alfred,Student,FLMNH,FLMNH,,,1-May-11,2011,Alfred Thomson,Two new species of the Glyptosternine catfish genus Euchiloglanis (Teleostei: Sisoridae) from southwest China with redescriptions of E. davidi and E. kishinouyei,Zootaxa,Zootaxa,Y,,Two new species of the Glyptosternine catfish genus Euchiloglanis (Teleostei: Sisoridae) from southwest China with redescriptions of E. davidi and E. kishinouyei,,Y,Magnolia Press,121.77
Janelle,Christopher,Faculty,HHP,APK,,,27-Oct-12,2012,Christopher Janelle,Too much of a good thing: Random practice scheduling and self-control of feedback lead to unique but not additive learning benefits,Frontiers in Movement Science and Sport Psychology,Frontiers in Movement Science and Sport Psychology,Y,,Too much of a good thing: Random practice scheduling and self-control of feedback lead to unique but not additive learning benefits,,N,Frontiers,319.87
Stellefson,Michael,Faculty,HHP,HealthEdBeh,http://ufdc.ufl.edu/IR00001284/,,26-Jan-12,2012,Michael Stellefson,A Critical Review of Effects of COPD Self-Management Education on Self-Efficacy,ISRN Public Health,ISRN Public Health,N,,A Critical Review of Effects of COPD Self-Management Education on Self-Efficacy,,N,Hindawi Publishing Corporation,600
Stellefson,Michael,Faculty,HHP,HealthEdBeh,http://ufdc.ufl.edu/IR00001292/,,1-Apr-12,2012,Michael Stellefson,Use of Q methodology to analyze eHealth search perspectives among female college students in the health professions,Journal of Medical Internet Research,Journal of Medical Internet Research,Y,,Use of Q methodology to analyze eHealth search perspectives among female college students in the health professions,,N,JMIR,1915.2
Beauchamp,Terry,Staff,Medicine,Department of Medicine,,,26-Sep-12,2012,Terry Beauchamp,Inflammatory Vascular Disease -- A Unifying Hypothesis,Journal of Clinical & Experimental Cardiology,Journal of Clinical & Experimental Cardiology,N,,Inflammatory Vascular Disease -- A Unifying Hypothesis,,N,OMICS Group Incorporated,250
Beauchamp,Terry,Staff,Medicine,Medicine,,,26-Sep-12,2012,Terry Beauchamp,Viral Cross-Class Serpin Inhibits Vascular Imflammation and T Lymphocyte Fratricide: A Study in Rodent Models in vivo and Human Cell Lines in vitro,PLoS ONE,PLoS ONE,N,,Viral Cross-Class Serpin Inhibits Vascular Imflammation and T Lymphocyte Fratricide: A Study in Rodent Models in vivo and Human Cell Lines in vitro,,N,Public Library of Science,1350
Bennett,Richard,Faculty,Medicine,MedicineHemOnc,http://ufdc.ufl.edu/IR00001178,,29-Aug-12,2012,Richard Bennett,Increased expression of the dsRNA-activated protein kinase PKR in breast cancer promotes sensitivity to doxorubicin,PLoS ONE,PLoS ONE,Y,,Increased expression of the dsRNA-activated protein kinase PKR in breast cancer promotes sensitivity to doxorubicin,,N,Public Library of Science,900
Bichsel,Candace,Student,Medicine,MolGenMicro,,,27-Jan-11,2011,Candace Bichsel,Bacterial Delivery of Nuclear Proteins into Pluripotent and Differentiated Cells,PLoS ONE,PLoS ONE,Y,,Bacterial Delivery of Nuclear Proteins into Pluripotent and Differentiated Cells,,N,Public Library of Science,1181.25
Black,Erik,Faculty,Medicine,Pediatrics,http://ufdc.ufl.edu/IR00000560/,,1-Jan-11,2011,Erik Black,Protected Health Information on Social Networking Sites: Ethical and Legal Considerations,Journal of Medical Internet Research,Journal of Medical Internet Research,Y,,Protected Health Information on Social Networking Sites: Ethical and Legal Considerations,,N,Gunther Eysenbach,1900
Bodhit,Aakash,Staff,Medicine,Emergency Medicine,http://ufdc.ufl.edu/IR00003486/,,1-Apr-12,2012,Aakash Bodhit,A Case Report: Spontaneous pneumomediastinum (Hamman's syndrome),Journal of Medical Cases,Journal of Medical Cases,N,no record of authors or journal in WOS,A Case Report: Spontaneous pneumomediastinum (Hamman's syndrome),,N,Elmer Press,300
Carney,Paul,Faculty,Medicine,Pediatrics,,,2-Sep-12,2012,Paul Carney,Cortical neurovascular coupling driven by stimulation of channelrhodopsin-2,PLoS ONE,PLoS ONE,Y,,Cortical neurovascular coupling driven by stimulation of channelrhodopsin-2,,N,Public Library of Science,1350
Chang,Lung-Ji,Faculty,Medicine,MolGenMicro,http://ufdc.ufl.edu/UF00103328/,,30-Nov-10,2010,Lung-Ji Chang,"Ex vivo development, expansion and in vivo analysis of a novel lineage of dendritic cells from hematopoietic stem cells",Journal of Immune Based Therapies and Vaccines,Journal of Immune Based Therapies and Vaccines,Y,,"Ex vivo development, expansion and in vivo analysis of a novel lineage of dendritic cells from hematopoietic stem cells",,N,BioMed Central,1607.76
Chauncey,Kassidy,Student,Medicine,MolGenMicro,http://ufdc.ufl.edu/AA00013224/,,31-May-12,2012,Kassidy Chauncey,Bacillus anthracis' Lethal Toxin Induces Broad Transcriptional Responses in Human Peripheral Monocytes,BMC Immunology,BMC Immunology,Y,,Bacillus anthracis' Lethal Toxin Induces Broad Transcriptional Responses in Human Peripheral Monocytes,,N,BioMed Central,1555.09
Cline,Jason,Staff,Medicine,Surgery,,,30-Nov-11,2011,Jason Cline,Fractionated Phtothermal Anti-Tumor Therapy with Multi-Dye,International Journal of Nanomedicine,International Journal of Nanomedicine,N,,Fractionated Phtothermal Anti-Tumor Therapy with Multi-Dye,,N,Dove Medical Press,1995.84
DeAndrade,Mark,Student,Medicine,Neurology,,,20-Apr-12,2012,Mark DeAndrade,Enhanced hippocampal long-term potentiation and fear memory in Btbd9 mutant mice,PLoS ONE,PLoS ONE,Y,,Enhanced hippocampal long-term potentiation and fear memory in Btbd9 mutant mice,,N,Public Library of Science,750
Desai,Bobby,Faculty,Medicine,Emergency Medicine,http://ufdc.ufl.edu/IR00001315/,,23-Apr-12,2012,Bobby Desai,Ovarian Torsion in a 5-year old: A Case Report and Review,Case Reports in Emergency Medicine,Case Reports in Emergency Medicine,Y,,Ovarian Torsion in a 5-year old: A Case Report and Review,,N,Hindawi Publishing Corporation,300
Desai,Bobby,Faculty,Medicine,Emergency Medicine,,,31-Aug-12,2012,Bobby Desai,An unusual case of abdominal pain,Case Reports in Emergency Medicine,Case Reports in Emergency Medicine,Y,,An unusual case of abdominal pain,,N,Hindawi,300
Desai,Bobby,Faculty,Medicine,Emergency Medicine,,,20-Sep-12,2012,Bobby Desai,Bilateral and Simultaneous Rupture of the Triceps Tendon in a Patient Without Predisposing Factors,Case Reports in Emergency Medicine,Case Reports in Emergency Medicine,Y,,Bilateral and Simultaneous Rupture of the Triceps Tendon in a Patient Without Predisposing Factors,,N,Hindawi,300
Eksioglu,Erika,Student,Medicine,PathImmLabMed,,,1-Jun-11,2011,Erika Eksioglu,Characterization of HCV interactions with Toll-like receptors and RIG-I in liver cells,PLoS ONE,PLoS ONE,Y,,Characterization of HCV interactions with Toll-like receptors and RIG-I in liver cells,,N,Public Library of Science,1157.1
Falgiani,Michael,Faculty,Medicine,Emergency Medicine,,,1-Apr-12,2012,Michael Falgiani,Visual Diagnosis: Pediatric Airway Emergency,Case Reports in Emergency Medicine,Case Reports in Emergency Medicine,Y,,Visual Diagnosis: Pediatric Airway Emergency,,N,Hindawi Publishing,300
Falgiani,Michael,Faculty,Medicine,Emergency Medicine,,,1-Apr-12,2012,Michael Falgiani,Bath Salts Intoxication: A Case Report,Case Reports in Emergency Medicine,Case Reports in Emergency Medicine,Y,,Bath Salts Intoxication: A Case Report,,N,Hindawi Publishing,300
Grobmyer,Stephen,Faculty,Medicine,Surgery,,,5-Jan-12,2012,Stephen Grobmyer,Multi-dye Theranostic Nanoparticle Platform for Bioiimaging and Cancer Therapy,International Journal of Nanomedicine,International Journal of Nanomedicine,Y,,Multi-dye Theranostic Nanoparticle Platform for Bioiimaging and Cancer Therapy,,N,Dove Press,1980
Guerrero,Waldo,Staff,Medicine,Neurology,http://ufdc.ufl.edu/AA00010129/,,23-Jan-12,2012,Waldo Guerrero,The Role of Perfusion CT in Identifying Stroke Mimics in the Emergency Room: A Case of Status Epilepticus Presenting with Perfusion CT Alteration,International Journal of Emergency Medicine,International Journal of Emergency Medicine,Y,,The Role of Perfusion CT in Identifying Stroke Mimics in the Emergency Room: A Case of Status Epilepticus Presenting with Perfusion CT Alteration,,N,BioMed Central,1287.97
Gulig,Paul,Faculty,Medicine,MolGenMicro,http://ufdc.ufl.edu/UF00103216/,,30-Sep-10,2010,Paul Gulig,SOLiD pyrosequencing of four Vibrio vulnificus genomes enables comparative genomic analysis and identification of candidate clade-specific virulence genes,BMC Genomics,BMC Genomics,Y,,SOLiD pyrosequencing of four Vibrio vulnificus genomes enables comparative genomic analysis and identification of candidate clade-specific virulence genes,,N,BioMed Central,1925.28
Haafiz,Allah,Faculty,Medicine,Pediatrics,,,1-Dec-10,2010,Allah Haafiz,Immunohistochemical localization of transforming growth factor beta-1 and its relationship with collagen expression in advanced liver fibrosis due to biliary atresia.,Clinical and Experimental Gastroenterology,Clinical and Experimental Gastroenterology,Y,,Immunohistochemical localization of transforming growth factor beta-1 and its relationship with collagen expression in advanced liver fibrosis due to biliary atresia.,,N,Dove Medical Press,1386
Haafiz,Allah,Faculty,Medicine,Pediatrics,,,15-Feb-11,2011,Allah Haafiz,Relationship between hepatic CTGF expression and routine blood tests at the time of liver transplantation for biliary atresia: hope or hype for a biomarker of hepatic fibrosis.,Clinical and Experimental Gastroenterology,Clinical and Experimental Gastroenterology,Y,,Relationship between hepatic CTGF expression and routine blood tests at the time of liver transplantation for biliary atresia: hope or hype for a biomarker of hepatic fibrosis.,,N,Dove Medical Press,1692.43
Haafiz,Allah,Faculty,Medicine,Pediatrics,,,6-Jan-11,2011,Allah Haafiz,Isoniazid-Induced Severe Hepatotoxicity: An Infrequent but Preventable Cause of Liver Failure in Children Treated for Latent Tuberculosis Infection,Clinical Medicine Insights: Pediatrics,Clinical Medicine Insights: Pediatrics,Y,,Isoniazid-Induced Severe Hepatotoxicity: An Infrequent but Preventable Cause of Liver Failure in Children Treated for Latent Tuberculosis Infection,,N,Libertas Academica,685.04
Haafiz,Allah,Faculty,Medicine,Pediatrics,,,8-Apr-11,2011,Allah Haafiz,Elevated Alkaline Phosphatase in Children: An Algorithm to Determine When a _Wait and See” Approach is optimal,Clinical Medicine Insights: Pediatrics,Clinical Medicine Insights: Pediatrics,Y,,Elevated Alkaline Phosphatase in Children: An Algorithm to Determine When a _Wait and See” Approach is optimal,,N,Libertas Academica,1709.86
Haafiz,Allah,Faculty,Medicine,Pediatrics,,,10-Jun-11,2011,Allah Haafiz,A newborn liver mass that never existed: a somber reminder of embryonic ties between umbilical vein and portal venous system,Hepatic Medicine: Evidence and Research,Hepatic Medicine: Evidence and Research,Y,,A newborn liver mass that never existed: a somber reminder of embryonic ties between umbilical vein and portal venous system,,N,Dove Medical Press,1536.49
Johnson,Cameron,Faculty,Medicine,Ophthalmology,http://ufdc.ufl.edu/IR00000529/,,1-Jun-11,2011,Cameron Johnson,Central corneal melting associated with reformulated generic diclofenac in a patient with inferior fornix foreshortening,Ophthalmology and Eye Diseases,Ophthalmology and Eye Diseases,Y,,Central corneal melting associated with reformulated generic diclofenac in a patient with inferior fornix foreshortening,,N,Libertas Academica,1712.59
Knapp,Caprice,Faculty,Medicine,Health Outcomes and Policy,http://ufdc.ufl.edu/IR00001309/,,1-Jul-11,2011,Caprice Knapp,Internet Use and e-Health Literacy of Low-Income Parents Whose Children Have Special Health Care Needs,Journal of Medical Internet Research,Journal of Medical Internet Research,Y,,Internet Use and e-Health Literacy of Low-Income Parents Whose Children Have Special Health Care Needs,,N,JMIR Publications,1915.2
Lanni,Nancy,Staff,Medicine,MedicineCardiovascular,http://ufdc.ufl.edu/AA00012054/,,1-Apr-12,2012,Nancy Lanni,Nonsteroidal anti-inflammatory drugs and their effect on elderly hearts,Aging Health,Aging Health,N,,Nonsteroidal anti-inflammatory drugs and their effect on elderly hearts,,Y,Future Medicine,1342.5
Li,Xiaoyu,Faculty,Medicine,Medicine,http://ufdc.ufl.edu/AA00007507/,,1-Nov-11,2011,Xiaoyu Li,Expression of an IRF-3 fusion protein and mouse estrogen receptor inhibits hepatitis C viral replication in RIG-I-deficient Huh 7.5 cells,Virology Journal,Virology Journal,Y,,Expression of an IRF-3 fusion protein and mouse estrogen receptor inhibits hepatitis C viral replication in RIG-I-deficient Huh 7.5 cells,,N,BioMed Central,1419.73
Liu,Chen,Faculty,Medicine,Pathology,,,1-Nov-12,2012,Chen Liu,Iron Regulator Hepcidin Exhibits Antiviral Activity Against Hepatitis C Virus,PLoS ONE,PLoS ONE,Y,,Iron Regulator Hepcidin Exhibits Antiviral Activity Against Hepatitis C Virus,,N,Public Library of Science,1350
Maling,Nicholas,Student,Medicine,Neurology,http://ufdc.ufl.edu/IR00001344/,,23-Jun-12,2012,Nicholas Maling,Increased Thalamic Gamma Band Activity Correlates with Symptom Relief Following Deep Brain Stimulation in Humans with Touretteês Syndrome,PLoS ONE,PLoS ONE,Y,,Increased Thalamic Gamma Band Activity Correlates with Symptom Relief Following Deep Brain Stimulation in Humans with Touretteês Syndrome,,N,Public Library of Science,1080
Odedina,Folakemi,Faculty,Medicine,Urology,http://ufdc.ufl.edu/AA00005230/,,10-Sep-11,2011,Folakemi Odedina,Detecting Gene-Gene Interactions in Prostate Disease in African American Men,Infectious Agents and Cancer,Infectious Agents and Cancer,Y,,Detecting Gene-Gene Interactions in Prostate Disease in African American Men,,N,BioMed Central,500
Ohlstein,Derek,Student,Medicine,Ophthalmology,http://ufdc.ufl.edu/IR00000736/,,15-Nov-11,2011,Derek Ohlstein,Peripheral ulcerative keratitis and necrotizing scleritis initiated by trauma in the setting of mixed cryoglobulinemia,Case Reports in Ophthalmology,Case Reports in Ophthalmology,Y,,Peripheral ulcerative keratitis and necrotizing scleritis initiated by trauma in the setting of mixed cryoglobulinemia,,N,Karger,753.43
Ohlstein,Derek,Student,Medicine,Ophthalmology,http://ufdc.ufl.edu/IR00000762/,,1-Feb-12,2012,Derek Ohlstein,Orbital Aspergillosis: Voriconazole _ The New Standard Treatment?,Case Reports in Ophthalmology,Case Reports in Ophthalmology,Y,,Orbital Aspergillosis: Voriconazole _ The New Standard Treatment?,,N,Karger,293.94
Okun,Michael,Faculty,Medicine,Neurology,,,30-Nov-12,2012,Michael Okun,Carbidopa/levodopa dose elevation and safety concerns in Parkinson's patients: a cross-sectional and cohort design,BMJ Open,BMJ Open,Y,,Carbidopa/levodopa dose elevation and safety concerns in Parkinson's patients: a cross-sectional and cohort design,,N,BMJ Group,1911.12
Okun,Michael,Faculty,Medicine,Neurology,,,30-Nov-12,2012,Michael Okun,Emerging Opportunities for Serotypes of Botulinum Neurotoxins,Toxins,Toxins,Y,,Emerging Opportunities for Serotypes of Botulinum Neurotoxins,,N,MDPI,578.48
Pandey,Ajay,Student,Medicine,Neurology,http://ufdc.ufl.edu/AA00010688/,,17-Feb-12,2012,Ajay Pandey,Posterior reversible encephalopathy syndrome (PRES) and CT perfusion changes,International Journal of Emergency Medicine,International Journal of Emergency Medicine,Y,,Posterior reversible encephalopathy syndrome (PRES) and CT perfusion changes,,N,Springer,1415
Peck,Ammon,Faculty,Medicine,PathImmLabMed,http://ufdc.ufl.edu/IR00000341/,,23-Dec-10,2010,Ammon Peck,Pathogenic effect of interleukin-IL17A in induction of Sjogen's syndrome-like disease using adenovirus-mediated gene transfer,Arthritis Research & Therapy,Arthritis Research & Therapy,N,,Pathogenic effect of interleukin-IL17A in induction of Sjogen's syndrome-like disease using adenovirus-mediated gene transfer,,N,BioMed Central,1844.64
Ramsey,Michele,Staff,Medicine,MolGenMicro,,,25-Jul-12,2012,Michele Ramsey,Virotherapy using myxoma virus prevents lethal graft-versus-host disease following xeno-transplantat,PLoS ONE,PLoS ONE,Y,,Virotherapy using myxoma virus prevents lethal graft-versus-host disease following xeno-transplantat,,N,Public Library of Science,1350
Riva,Alberto,Faculty,Medicine,MolGenMicro,,,1-Sep-12,2012,Alberto Riva,A knowledge-based method for association studies on complex diseases,PLoS ONE,PLoS ONE,Y,,A knowledge-based method for association studies on complex diseases,,N,Public Library of Science,1350
Satoh,Minoru,Faculty,Medicine,Medicine,http://ufdc.ufl.edu/IR00000562/,,7-Apr-11,2011,Minoru Satoh,Frequent coexistence of anti-topoisomerase I and anti-U1RNP autoantibodies in African American patients associated with mild skin involvement: a retrospective clinical study,Arthritis Research & Therapy,Arthritis Research & Therapy,Y,,Frequent coexistence of anti-topoisomerase I and anti-U1RNP autoantibodies in African American patients associated with mild skin involvement: a retrospective clinical study,,N,BioMed Central,1560.59
Satoh,Minoru,Faculty,Medicine,Medicine,http://ufdc.ufl.edu/IR00000705/,,30-Jun-11,2011,Minoru Satoh,Atypical clinical presentation of a subset of patients with anti-RNA polymerase III - non-scleroderma cases associated with dominant RNA polymerase I reactivity and nucleolar staining,Arthritis Research & Therapy,Arthritis Research & Therapy,Y,,Atypical clinical presentation of a subset of patients with anti-RNA polymerase III - non-scleroderma cases associated with dominant RNA polymerase I reactivity and nucleolar staining,,N,BioMed Central,1634.17
Satoh,Minoru,Faculty,Medicine,Medicine,http://ufdc.ufl.edu/AA00012627/,,27-Mar-12,2012,Minoru Satoh,Autoantibodies to transcription intermediary factor (TIF)1_ associated with dermatomyositis,Arthritis Research & Therapy,Arthritis Research & Therapy,Y,,Autoantibodies to transcription intermediary factor (TIF)1_ associated with dermatomyositis,,N,BioMed Central,971.55
Satoh,Minoru,Faculty,Medicine,Medicine,http://ufdc.ufl.edu/AA00012628/,,13-Apr-12,2012,Minoru Satoh,Anti-MJ/NXP-2 autoantibody specificity in a cohort of adult Italian patients with polymyositis/dermatomyositis,Arthritis Research & Therapy,Arthritis Research & Therapy,Y,,Anti-MJ/NXP-2 autoantibody specificity in a cohort of adult Italian patients with polymyositis/dermatomyositis,,N,BioMed Central,771.36
Shapiro,Michael,Staff,Medicine,Psychiatry,http://ufdc.ufl.edu/AA00012429/,,5-Jun-12,2012,Michael Shapiro,Zonisamide for Attenuation of Weight Gain in a Morbidly-Obese Adolescent on an Antipsychotic,Journal of Obesity and Weight Loss Therapy,Journal of Obesity and Weight Loss Therapy,N,"Didn't find this one, found Zonisamide for weight loss in adolescents: The journal of pediatric pharmacology and therapeutics : JPPT : the official journal of PPAGVolume:18 Issue:4 Pages:311-4DOI:10.5863/1551-6776-18.4.311",Zonisamide for Attenuation of Weight Gain in a Morbidly-Obese Adolescent on an Antipsychotic,,N,"OMICS Group, Inc.",2337.14
Staras,Stephanie,Faculty,Medicine,Health Outcomes and Policy,http://ufdc.ufl.edu/IR00000453/,,30-May-11,2011,Stephanie Staras,Association between perinatal medical expenses and a waiver to increase Florida Healthy Start services within Florida Medicaid programs: 1998 to 2006,Maternal and Child Health Journal,Maternal and Child Health Journal,Y,,Association between perinatal medical expenses and a waiver to increase Florida Healthy Start services within Florida Medicaid programs: 1998 to 2006,,Y,Springer,1071.4
Sudhyadhom,Atchar,Faculty,Medicine,Department of Neurosurgery,,,15-Nov-12,2012,Atchar Sudhyadhom,A three-dimensional deformable brain atlas for DBS targeting. I. Methodology for atlas creation and artifact reduction,Open Neuroimaging Journal,Open Neuroimaging Journal,Y,,A three-dimensional deformable brain atlas for DBS targeting. I. Methodology for atlas creation and artifact reduction,,N,Bentham Open,803.72
Wagle.Shukla,Aparna,Faculty,Medicine,Neurology,,,26-Mar-12,2012,Aparna Wagle Shukla,Micrographia and Related deficits in Parkinson's Disease: A cross sectional study,BMJ Open,BMJ Open,Y,,Micrographia and Related deficits in Parkinson's Disease: A cross sectional study,,N,BMJ,1022.16
Yin,Li,Faculty,Medicine,PathImmLabMed,http://ufdc.ufl.edu/AA00013962/,,28-Nov-12,2012,Li Yin,"High-resolution deep sequencing reveals biodiversity, population structure, and persistence of HIV-1 quasispecies within host ecosystems",Retrovirology,Retrovirology,Y,,"High-resolution deep sequencing reveals biodiversity, population structure, and persistence of HIV-1 quasispecies within host ecosystems",,N,BioMed Central Ltd,680
Yokoi,Fumiaki,Faculty,Medicine,Neurology,http://ufdc.ufl.edu/AA00005007/,,26-Dec-11,2011,Fumiaki Yokoi,Motor Deficits and Decreased Striatal Dopamine Receptor 2 Binding Activity in the Striatum-Specific Dyt1 Conditional Knockout Mice,PLoS ONE,PLoS ONE,Y,,Motor Deficits and Decreased Striatal Dopamine Receptor 2 Binding Activity in the Striatum-Specific Dyt1 Conditional Knockout Mice,,N,Public Library of Science,540
Zhang,Lin,Faculty,Medicine,Neurology,,,22-Mar-12,2012,Lin Zhang,Alteration of Striatal Dopaminergic Neurotransmission in a Mouse Model of DYT11 Myoclonus-Dystonia,PLoS ONE,PLoS ONE,Y,,Alteration of Striatal Dopaminergic Neurotransmission in a Mouse Model of DYT11 Myoclonus-Dystonia,,N,Public Library of Science,1350
Zhao,Xiangxuan,Post-doctoral researcher,Medicine,PathImmLabMed,http://ufdc.ufl.edu/IR00000573/,,1-Feb-11,2011,Xiangxuan Zhao,Reactive Oxygen Species Is Essential for Cycloheximide to Sensitize Lexatumumab-Induced Apoptosis in hepatocellular carcinoma cells,PLoS ONE,PLoS ONE,Y,,Reactive Oxygen Species Is Essential for Cycloheximide to Sensitize Lexatumumab-Induced Apoptosis in hepatocellular carcinoma cells,,N,Public Library of Science,1350
Zhao,Xiangxuan,Post-doctoral researcher,Medicine,PathImmLabMed,http://ufdc.ufl.edu/IR00000574/,,20-Jul-11,2011,Xiangxuan Zhao,Surviving inhibtion is critical for Bcl-2 inhibitor-induced apoptosis in Hepatocellular carcinoma cells,PLoS ONE,PLoS ONE,Y,,Surviving inhibtion is critical for Bcl-2 inhibitor-induced apoptosis in Hepatocellular carcinoma cells,,N,Public Library of Science,1350
Zhou,Lei,Faculty,Medicine,MolGenMicro,,,10-Dec-12,2012,Lei Zhou,P53-Mediated Rapid Induction of Apoptosis Conveys Resistance to Viral Infection in Drosophila,PLoS Pathogens,PLoS Pathogens,Y,,P53-Mediated Rapid Induction of Apoptosis Conveys Resistance to Viral Infection in Drosophila,,N,Public Library of Science,2250
Elder,Jennifer,Faculty,Nursing,AdultElderly,http://ufdc.ufl.edu/IR00000569/,,8-Jul-10,2010,Jennifer Elder,In Home Training for Father of Children with Autism: A follow up study and evaluation,Journal of Child and Family Studies,Journal of Child and Family Studies,Y,,In Home Training for Father of Children with Autism: A follow up study and evaluation,,Y,Springer,1350
Rodriguez,Carmen,Faculty,Nursing,AdultElderly,,,12-Nov-11,2011,Carmen Rodriguez,Communication Needs of Hispanic Patients: Sudden Speechlessness,The Open Communication Journal,The Open Communication Journal,N,,Communication Needs of Hispanic Patients: Sudden Speechlessness,,N,"Bentham Science Publsihers, Ltd",803.72
Rowe,Meredeth,Faculty,Nursing,AdultElderly,,,2-Jun-11,2011,Meredeth Rowe,Persons with Dementia Missing in the Community: Is it Wandering or Something Unique?,BMC Geriatrics,BMC Geriatrics,Y,,Persons with Dementia Missing in the Community: Is it Wandering or Something Unique?,,N,BioMed Central,1614.25
Ali,Ayad,Student,Pharmacy,PharmaOutcomesPolicy,http://ufdc.ufl.edu/IR00000824/,,26-Feb-12,2012,Ayad Ali,Assessing the Association of Omalizumab Use and Arteriothrombotic Events through Spontaneous Adverse Event Reporting,Journal of Asthma and Allergy,Journal of Asthma and Allergy,Y,,Assessing the Association of Omalizumab Use and Arteriothrombotic Events through Spontaneous Adverse Event Reporting,,N,Dove Medical Press Ltd.,1692.43
Ali,Ayad,Student,Pharmacy,PharmaOutcomesPolicy,http://ufdc.ufl.edu/IR00000551/,,12-Jul-11,2011,Ayad Ali,"Pharmacovigilance Analysis of Adverse Event Reports for Aliskiren Hemifumarate, First-in-Class Direct Renin Inhibitor.",Therapeutics and Clinical Risk Management,Therapeutics and Clinical Risk Management,Y,,"Pharmacovigilance Analysis of Adverse Event Reports for Aliskiren Hemifumarate, First-in-Class Direct Renin Inhibitor.",,N,Dove Medical Press,1877.95
Bird,Steven,Student,Pharmacy,PharmaOutcomesPolicy,http://ufdc.ufl.edu/AA00009674/,,5-Dec-11,2011,Steven Bird,The Association Between Drospirenone and Hyperkalemia; A Comparative Safety Study,BMC Clinical Pharmacology,BMC Clinical Pharmacology,Y,,The Association Between Drospirenone and Hyperkalemia; A Comparative Safety Study,,N,BioMed Central,1037
Dehoff,Rhonda,Faculty,Pharmacy,PTR,http://ufdc.ufl.edu/IR00001304,,2-Apr-12,2012,Rhonda Dehoff,The tyrophostin agent AG490 prevents and reverses type 1 diabetes in NOD mice,PLoS ONE,PLoS ONE,Y,,The tyrophostin agent AG490 prevents and reverses type 1 diabetes in NOD mice,,N,Public Library of Science,1157.1
Kauf,Teresa,Faculty,Pharmacy,PharmaOutcomesPolicy,http://ufdc.ufl.edu/IR00000763/,,15-Feb-12,2012,Teresa Kauf,Spillover Adherence Effects of Fixed-Dose Combination HIV Therapy,Patient Preference and Adherence,Patient Preference and Adherence,Y,,Spillover Adherence Effects of Fixed-Dose Combination HIV Therapy,,N,Dove Medical Press Ltd.,1865
Pressey,Shannon,Staff,Pharmacy,PharmaOutcomesPolicy,http://ufdc.ufl.edu/AA00005226/,,10-Sep-11,2011,Shannon Pressey,Prostate Cancer Health and Cultural Beliefs of Black men: The Florida Prostate Cancer Disparity Project,Infectious Agents and Cancer,Infectious Agents and Cancer,Y,,Prostate Cancer Health and Cultural Beliefs of Black men: The Florida Prostate Cancer Disparity Project,,N,BioMed Central,666.66
Schelfhout,Jonathan,Student,Pharmacy,PharmaOutcomesPolicy,,,1-Jan-13,2013,Jonathan Schelfhout,Progression of Platelet Counts in Treatment Na‚ve HIV/HCV Co-Infection,World Journal of Aids,World Journal of Aids,N,Found a meeting abstract but not this article,Progression of Platelet Counts in Treatment Na‚ve HIV/HCV Co-Infection,,,Scientific Research Publishing (SCRIP),100
Song,Sihong,Faculty,Pharmacy,Pharmaceutics,http://ufdc.ufl.edu/AA00007605/,,17-Oct-11,2011,Sihong Song,The Protective Effects of Plasma Gelsolin on Stroke Outcome in Rats,Experimental & Translational Stroke Medicine,Experimental & Translational Stroke Medicine,Y,,The Protective Effects of Plasma Gelsolin on Stroke Outcome in Rats,,N,BioMed Central,1443.71
Song,Sihong,Faculty,Pharmacy,Pharmaceutics,http://ufdc.ufl.edu/AA00004978/,,16-Dec-10,2010,Sihong Song,Alpha-1 Antitrypsin Protein and Gene Therapies Decrease Autoimmunity and Delay Arthritis Development in Mouse Model,Journal of Translational Medicine,Journal of Translational Medicine,Y,,Alpha-1 Antitrypsin Protein and Gene Therapies Decrease Autoimmunity and Delay Arthritis Development in Mouse Model,,N,BioMed Central,1559.38
Song,Sihong,Faculty,Pharmacy,Pharmaceutics,http://ufdc.ufl.edu/AA00004977/,,20-Dec-10,2010,Sihong Song,The effect of DNA-dependent protein kinase on adeno-associated virus replication,PLoS ONE,PLoS ONE,Y,,The effect of DNA-dependent protein kinase on adeno-associated virus replication,,N,Public Library of Science,1350
Alappattu,Meryl,Student,PHHP,PT,http://ufdc.ufl.edu/AA00005041/,,6-Mar-11,2011,Meryl Alappattu,Stability of Behavioral Estimates of Activity-Dependent Modulation of Pain,Journal of Pain Research,Journal of Pain Research,Y,,Stability of Behavioral Estimates of Activity-Dependent Modulation of Pain,,N,Dove Medical Press,1879.92
Anderson,Benjamin,Student,PHHP,EnvGlobalHealth,,,13-Dec-12,2012,Benjamin Anderson,Dengue Viruses Exhibit Strain-Specific Infectivity and Entry Requirements in Vitro,Virus Adaptation and Treatment,Virus Adaptation and Treatment,N,,Dengue Viruses Exhibit Strain-Specific Infectivity and Entry Requirements in Vitro,,N,Dove Medical Press,763
Bishop,Mark,Faculty,PHHP,PT,http://ufdc.ufl.edu/IR00000365/,,1-Feb-11,2011,Mark Bishop,Self-reported pain and disability outcomes from an endogenous model of muscular back pain,BMC Musculoskeletal Disorders,BMC Musculoskeletal Disorders,Y,,Self-reported pain and disability outcomes from an endogenous model of muscular back pain,,N,BioMed Central,1542.24
George,Steven,Faculty,PHHP,PT,http://ufdc.ufl.edu/AA00010460/,,20-Oct-11,2011,Steven George,"Brief psychosocial education, not core stabilization, reduced incidence of low back pain: results from the Prevention of Low Back Pain in the Military (POLM) cluster randomized trial",BMC Medicine,BMC Medicine,Y,,"Brief psychosocial education, not core stabilization, reduced incidence of low back pain: results from the Prevention of Low Back Pain in the Military (POLM) cluster randomized trial",,N,BioMed Central,2008.75
George,Steven,Faculty,PHHP,PT,http://ufdc.ufl.edu/IR00000568/,,1-Jun-11,2011,Steven George,Predictors of web-based follow-up response in the Prevention of Low Back Pain in the Military Trial,BMC Musculoskeletal Disorders,BMC Musculoskeletal Disorders,Y,,Predictors of web-based follow-up response in the Prevention of Low Back Pain in the Military Trial,,N,BioMed Central,1538.5
George,Steven,Faculty,PHHP,PT,http://ufdc.ufl.edu/IR00001280/,,3-Jan-12,2012,Steven George,Predictors of occurrence and severity of first time low back pain episodes: findings from a military inception cohort,PLoS ONE,PLoS ONE,Y,,Predictors of occurrence and severity of first time low back pain episodes: findings from a military inception cohort,,N,Public Library of Science,1350
Hu,Xingdi,Student,PHHP,Epidemiology,http://ufdc.ufl.edu/AA00004613/,,6-Aug-11,2011,Xingdi Hu,College students and use of K2: an emerging drug of abuse in young persons,"Substance Abuse Treatment, Prevention, and Policy","Substance Abuse Treatment, Prevention, and Policy",Y,WOS Highly Cited Paper,College students and use of K2: an emerging drug of abuse in young persons,,N,BioMed Central,1523.59
Martin,Anatole,Faculty,PHHP,PT,,,7-Mar-11,2011,Anatole Martin,Inspiratory muscle strength training improves weaning outcome in failure to wean patients: a randomized trial.,Critical Care,Critical Care,Y,,Inspiratory muscle strength training improves weaning outcome in failure to wean patients: a randomized trial.,,N,BioMed Central,1626.41
Middleton,Kathryn,Student,PHHP,ClinicalHealthPsych,http://ufdc.ufl.edu/IR00002400/,,1-Feb-13,2013,Kathryn Middleton,"Benefits and Risks of Weight-Loss Treatment for Older, Obese Women",Clinical Interventions in Aging,Clinical Interventions in Aging,Y,,"Benefits and Risks of Weight-Loss Treatment for Older, Obese Women",,N,Dove Press,1980
Patten,Carolynn,Faculty,PHHP,PT,http://ufdc.ufl.edu/AA00014203/,,14-Jan-13,2013,Carolynn Patten,Concurrent neuromechanical and functional gains following upper-extremity power training post-stroke,Journal of Neuroengineering and Rehabilitation,Journal of Neuroengineering and Rehabilitation,Y,,Concurrent neuromechanical and functional gains following upper-extremity power training post-stroke,,N,Biomed Central,1489.32
Reilly,James,Faculty,PHHP,SpchLangHearingSci,,,6-Aug-12,2012,James Reilly,Arbitrary symbolism revisited: When word forms carry meaning,PLoS ONE,PLoS ONE,Y,,Arbitrary symbolism revisited: When word forms carry meaning,,N,Public Library of Science,1215
Ross,Kathryn,Staff,PHHP,ClinicalHealthPsych,,,26-Sep-11,2011,Kathryn Ross,Successful Long-Term Weight Loss Maintenance in a Rural Population,Clinical Interventions in Aging,Clinical Interventions in Aging,Y,,Successful Long-Term Weight Loss Maintenance in a Rural Population,,N,Dove Medical Press,1879.92
Sapienza,Christine,Faculty,PHHP,SpchLangHearingSci,,,23-Feb-12,2012,Christine Sapienza,"The acute effects of a single session of expiratory muscle strength training on blood pressure, heart rate and oxygen saturation in healthy adults.",Frontiers in Respiratory Physiology,Frontiers in Respiratory Physiology,Y,,"The acute effects of a single session of expiratory muscle strength training on blood pressure, heart rate and oxygen saturation in healthy adults.",,N,Frontiers Media SA,1280
Simon,Corey,Student,PHHP,PT,http://ufdc.ufl.edu/IR00001324/,,1-Aug-11,2011,Corey Simon,Comparison of Work-Related Fear-Avoidance Beliefs Across Different Anatomical Locations With Musculoskeletal Pain.,Journal of Pain Research,Journal of Pain Research,Y,,Comparison of Work-Related Fear-Avoidance Beliefs Across Different Anatomical Locations With Musculoskeletal Pain.,,N,Dove Medical Press,1255.55
Sisco,Shannon,Student,PHHP,ClinicalHealthPsych,,,5-Jul-12,2012,Shannon Sisco,Neighborhood Influences on Late Life Cognition in the ACTIVE Study,Journal of Ageing Research,Journal of Ageing Research,Y,,Neighborhood Influences on Late Life Cognition in the ACTIVE Study,,N,Hindawi Publishing Corporation,1000
Smith,Barbara,Faculty,PHHP,PT,,,1-Jan-13,2013,Barbara Smith,Chronic Intrinsic Transient Tracheal Occlusion Elicits Diaphragmatic Muscle Fiber Remodeling in Conscious Rodents,PLoS ONE,PLoS ONE,Y,,Chronic Intrinsic Transient Tracheal Occlusion Elicits Diaphragmatic Muscle Fiber Remodeling in Conscious Rodents,,N,Public Library of Science,1080
Xu,Xiaohui,Faculty,PHHP,Epidemiology,http://ufdc.ufl.edu/IR00000595/,,21-Apr-11,2011,Xiaohui Xu,Ambient Air Pollution and Reproductive Health _,Air Pollution (Book),Occupational and Environmental Medicine,N,,Urinary Trichlorophenols Levels and Increased Risk of Attention Deficit Hyperactivity Disorder among U.S. School-Aged Children,,Y,BMJ Publishing Group,1500
Xu,Xiaohui,Faculty,PHHP,Epidemiology,http://ufdc.ufl.edu/IR00000564/,,1-May-11,2011,Xiaohui Xu,Urinary Trichlorophenols Levels and Increased Risk of Attention Deficit Hyperactivity Disorder among U.S. School-Aged Children,Occupational and Environmental Medicine,Air Pollution (Book),Y,,Air pollution and adverse pregnancy outcomes,,N,InTech,845.96
Brown,Dan,Faculty,VetMed,InfectiousPath,http://ufdc.ufl.edu/IR00000563/,,15-Jun-11,2011,Dan Brown,Retrospective survey for sialidase activity in Mycoplasma pneumoniae isolates from cases of community-acquired pneumonia,BMC Research Notes,BMC Research Notes,Y,,Retrospective survey for sialidase activity in Mycoplasma pneumoniae isolates from cases of community-acquired pneumonia,,N,BioMed Central,391
Denslow,Nancy,Faculty,VetMed,PhysioSci,,,12-Apr-12,2012,Nancy Denslow,Applications of Next Generation Sequencing in Fish Ecotoxicology and Physiology,Frontiers in Genetics,Frontiers in Genetics,Y,,Applications of Next Generation Sequencing in Fish Ecotoxicology and Physiology,,N,Frontiers Media,1278.69
Reyes,Leticia,Faculty,VetMed,InfectiousPath,http://ufdc.ufl.edu/IR00000587/,,15-Apr-11,2011,Leticia Reyes,Ureaplasma parvum infection alters filamin A dynamics in host cells,BMC Infectious Diseases,BMC Infectious Diseases,Y,,Ureaplasma parvum infection alters filamin A dynamics in host cells,,N,BioMed Central,1366.19
Reyes,Leticia,Faculty,VetMed,InfectiousPath,http://ufdc.ufl.edu/IR00001396/,,1-Aug-12,2012,Leticia Reyes,Host Genetic Background Impacts Disease Outcome during Intrauterine Infection with Ureaplasma parvum,PLoS ONE,PLoS ONE,Y,,Host Genetic Background Impacts Disease Outcome during Intrauterine Infection with Ureaplasma parvum,,N,Public Library of Science,1080
Spade,Daniel,Student,VetMed,PhysioSci,http://ufdc.ufl.edu/UF00103214/,,1-Sep-10,2010,Daniel Spade,Queen Conch (Strombus gigas) Testis Regresses during the Reproductive Season at Nearshore Sites in the Florida Keys,PLoS ONE,PLoS ONE,Y,,Queen Conch (Strombus gigas) Testis Regresses during the Reproductive Season at Nearshore Sites in the Florida Keys,,N,Public Library of Science,1050